vocab,Freq
하루히,196
입갤,185
시발,92
미쿠루,90
나가토,76
쿈새끼,57
진짜,53
아니,46
존나,45
하루히쉑,40
일남충,40
츠루야누나,34
근데,33
코이즈미,29
중계,28
가슴,25
노래,23
너무,21
아사쿠라,21
3기,21
찌찌,20
4월,20
나도,20
미쿠루쟝,20
오늘,19
하루히는,18
씨발,18
1등,16
아니냐,15
코이즈미쉑,14
빨리,14
에이트,14
유키쟝,14
이거,14
지금,14
스즈미야,13
여동생,13
뭔데,13
허벅지,13
타니구치,13
이제,13
솔직히,13
엔드리스,13
저거,12
메이드,12
상식,12
누가,12
코삭,12
그냥,11
어우야,11
넘나,10
이미,10
이지랄,10
속보,10
아사히나,10
오늘은,10
사실,10
나가토는,10
뭐냐,10
하루히x도라에몽,9
아씨발,9
복선,9
저게,9
하레하레유카이,9
sos단,9
오프닝,9
수준,9
안경,9
어디서,9
헛소리,9
벌써,9
우주인,9
여기,8
그래서,8
12화,8
엔들리스,8
모르는,8
바니걸,8
시작,7
미래인,7
이거야,7
재입갤,7
초능력,7
개꼴,7
방송,7
이렇게,7
유카타,7
유키,7
갤러리,7
여기서,7
포니테일,7
야스각,7
나가토도,7
입갤wwwwwwwwwww,7
애니,7
단장님,7
실북갤,7
중대발표,7
오랜만에,6
사실상,6
예정,6
오늘도,6
시리즈,6
아니시발,6
가슴에,6
저새끼들,6
순위,6
우리도,6
야십분,6
다시,6
아직,6
1위,6
5월,6
유키짱,6
쉬는시간에,6
쿈이,6
있음,6
다음,6
커엽,6
분노의,6
어떻게,6
뭐야,6
미쿠루는,6
제발,6
프레임,6
컴퓨터,6
언제,6
대체,6
가즈앜,6
없음,6
떡밥,6
아시발,6
에피소드,6
이런,6
표정,6
이름,5
집에가서,5
메이드복,5
기관,5
없는,5
일남충들,5
와시발,5
가슴라인,5
우리,5
토들러,5
어딨냐,5
아이돌갤,5
알제,5
야스,5
로리,5
섹스어필,5
입갤wwwwwww,5
내일,5
처음,5
어디갔냐고,5
이유,5
끝까지,5
비키니,5
수영복,5
천사의,5
역전재판,5
입개,5
아님,5
틀어주셈,5
입갤wwwwwwwwww,5
야구,5
어제,5
나오는,5
입갤wwwwwwwwwwwww,5
없제,5
가자,5
목소리,5
오와콘,5
범인,5
그래도,5
염전노예,5
도배,4
레전드,4
중계달리고있노,4
학교,4
생각나네,4
토마레,4
살아있는거있음,4
아직도,4
시간,4
게이야,4
일본,4
아웃소싱,4
왕찌찌,4
그자체,4
하나,4
가능,4
갑자기,4
마인드,4
커여움,4
장면,4
곱등이,4
개쩌네,4
클로즈업,4
설명충,4
9시,4
개커엽,4
좋아하는,4
원래,4
대학생들,4
골반,4
창녀,4
발언,4
볼때마다,4
계속,4
대사,4
무슨,4
유키쨩,4
보고,4
부르마,4
방에,4
간호사,4
링크,4
정신병,4
좋음,4
캘린더섬,4
커엽다,4
방종,4
미친,4
단장,4
소스단,4
사복,4
내가,4
퍄퍄퍄퍄,4
세계,4
스샷,4
8개,4
재앙,4
이게,4
커엽네,4
저새끼,4
모름,4
타니가와,4
1기,4
처녀막,4
부럽네,4
이래서,4
와중에,4
뭐임,4
그와중에,4
상식이,4
아니지,4
방금,4
실북,4
이번엔,4
흑우,4
날카롭죠,4
있냐,4
지가,4
역시,4
어째,4
브라,4
연속등록,4
뭔가,4
폐쇄공간,4
생각이,4
미쳤네,4
리빌드,4
봐라,4
4화,4
단편,4
같이,4
매미,4
나온다,4
중간에,3
이새끼,3
모에,3
포커페이스,3
중계하고있니,3
새끼들,3
공포의계곡,3
신인,3
타이밍,3
캐릭터송,3
콘새끼,3
갤주,3
사건,3
아무도,3
존나길어,3
일부러,3
화장실,3
제일,3
아니라,3
갓곡,3
중계가,3
대회참가,3
미친놈들,3
저걸,3
저건,3
산타클로스,3
취향,3
팩트,3
엔드8,3
어디,3
사람이,3
아니면,3
이벤트,3
하냐,3
개발자,3
보니까,3
만들어,3
좆노잼,3
바스트모핑,3
맞잖아,3
하는,3
틀어라,3
츠루야노래,3
처음볼때,3
섹스,3
들이대는거봐랔,3
퍄퍄,3
부활,3
공지로,3
에피,3
카와이,3
엔딩,3
매일,3
우리는,3
귀엽네,3
광고쟁이가,3
개빠르놐,3
여고생한테,3
친구,3
칼질,3
쿄애니,3
들어가네,3
저거보고,3
입갤준빜,3
얼마,3
맞지,3
틀딱들,3
나중에,3
코난,3
차단,3
유령선,3
여자친구,3
덧니,3
사람,3
인터넷,3
치트키넼,3
졸예,3
분홍브라,3
보내는데,3
데이터,3
5위,3
저세상,3
커엽자너,3
부단장,3
3기발표,3
입코딩하네,3
미친년,3
도대체,3
틈새개그,3
입갤wwwwwwwwwwwwwwwwwww,3
하면,3
쿈은,3
고도증후군,3
이지,3
야루히,3
정신차리지,3
플레이,3
결정,3
하는데,3
다음은,3
개잘어울라갰더,3
니가,3
개꼴렸다,3
소실,3
창녀정신,3
표정봐라,3
이모토쟝,3
떳다,3
이건,3
이걸,3
커엽노,3
비치볼,3
병신년아,3
생각하는,3
시바,3
시밬,3
달리는,3
빨고싶다,3
나가루,3
오후,3
도배차단,3
알았는데,3
공지에,3
혓바닥,3
쓸데없이,3
폰이랑,3
그장면,3
피해자,3
우울,3
오늘의,3
월요일,3
키미도리도,3
시작하네,3
똑바로,3
상식을,3
작가,3
5월병,3
5등이,3
다음주,3
나오는거임,3
2006년,3
안됨,3
하는거냐,3
좀더미래인,3
퇴갤,3
너무좋다,3
토요일까지,3
혼자,3
보는건데,3
인간적으로,3
별모양,3
야시간,3
입갤예정,3
가즈아,3
틀딱,3
여동생이,3
2등,3
안하냐,3
존나기넼,3
뭐고,3
좋다,3
타니구치쉑,3
머꼴,3
마지막까지,3
있는,3
있다,3
개새끼네,3
봐랔,3
아니씨발,3
6화,3
쿈도,3
시간여행,3
회수,3
님들,3
9화,3
없는데,3
그거,3
딸감,3
좋은거,3
그동안,3
보는거,3
다들,3
안맞는다,3
애들은,3
호밍모드,3
누나,3
선배,3
공중화장실,3
개꼴린다,3
어깨,3
야스해,3
감사합니다,3
엔딩곡,3
영어,3
어케,3
노래도,2
16인치포,2
재밌네,2
내일은,2
들어온,2
끝났냐,2
16일의,2
드립,2
옆에,2
트는거노,2
이리,2
신작,2
그러게,2
4명,2
진지빠는거,2
진히로인,2
안녕하루히,2
핫식스,2
소녀,2
기습중계,2
흥갤,2
귀엽게,2
언제나,2
좀만,2
정리해서,2
되는,2
질투하노,2
나와라,2
달려가고,2
넘나좋음,2
내일이,2
하나라도,2
정박아,2
두개,2
슈퍼,2
보는중이네,2
쳐다보네,2
또또,2
해줘,2
빈유라,2
입갤wwwwwwwwwwwwwwwwwwwww,2
끝나노,2
질질짜누,2
몇개,2
안들어,2
괜찮네,2
아쉬운데,2
상남자,2
저런데,2
킁카킁카,2
망상,2
2번,2
궁금한건데,2
뭔뎈,2
동시에,2
못하는,2
벌금,2
나왔다,2
아인슈타인계,2
왜이리,2
저작권,2
맡고싶드,2
30초간,2
일본어,2
있으면,2
미투운동,2
완장새끼,2
노예,2
너도,2
컴이랑,2
러브레터,2
파딱,2
노래는,2
없냐,2
도전과제,2
코난도,2
떡밥을,2
칼빵녀,2
철벽,2
입갤이냐,2
데이트신청에,2
그러네,2
띵곡,2
자막,2
딸치려고,2
중계는,2
17일의,2
둘이서,2
있었으면,2
없노,2
유입,2
틀라고,2
푸릉푸릉,2
프로그래밍,2
10위,2
나무위키충,2
처음보는,2
떨어지네,2
미스테리,2
캐송,2
빳따,2
오피스룩,2
빠르게,2
올라왔다,2
당했다,2
사냐,2
당해봐야,2
재해석,2
지랄,2
가슴이,2
고백봐라,2
신고,2
조사,2
에이트도,2
키타wwwwwwwwwwwww,2
4명인거,2
로리히,2
대학생은,2
거대파랑젤리,2
69,2
이것이,2
참가,2
왜이렇게,2
코루히,2
하네,2
그니까,2
3살,2
시간도,2
월희갤,2
하라고,2
당했노,2
많은,2
오나홀,2
오타쿠,2
커여워,2
노예해방,2
간닼,2
많이,2
책임회피,2
크기의,2
말이,2
6회차인데,2
광고컨텐츠,2
이세계인,2
옷은,2
18일의,2
그렇게,2
속으로,2
중꼐,2
2위다,2
이러니까,2
신생아,2
뽀뽀,2
잘만들엇,2
개꼴이네,2
일암충,2
오프닝부터,2
무슨일이,2
자연스럽게,2
1등을,2
떠드는거지,2
코구,2
1등이,2
입갤준비wwwwwww,2
냄새,2
아아,2
거유,2
찐특,2
pc로,2
저기가,2
이번에는,2
생각해도,2
중학교,2
갔는데,2
그런,2
기대된다,2
헤어스타일,2
생각했노,2
만드는거얔,2
보자,2
그럼,2
수제,2
숙제,2
금칙사항,2
다른거,2
일남춘,2
본인,2
각잡는거봐라,2
맛있다,2
소리,2
언제까지,2
슬라이딩,2
시작할거임,2
쓰르라미,2
미쿠루시력,2
있다는거냐,2
한개씩,2
달리자,2
못한다는,2
열심히,2
이츠모,2
새우튀김,2
후못후,2
수상한,2
견제하네,2
실북갤보고,2
치어리더,2
보여주는,2
시발아,2
봐야,2
본방충들,2
심쿵,2
보고싶다,2
되겠다,2
풍뎅이,2
다같이,2
고등학생,2
입갤하겠네,2
관련,2
안다고,2
끝나면,2
베스커빌가의개,2
하나요,2
교복치마,2
방송보고,2
성우,2
매주,2
쿈쉑,2
주딱,2
출연,2
야구는,2
노잼인건,2
내미는,2
컴터로,2
젖탱이,2
저능아,2
개구리,2
5위인가요,2
기대하넼,2
안나오노,2
해도,2
말하는,2
성적,2
찔렀냐,2
2위,2
아무래도,2
있으려나,2
물벼룩,2
움직이기삻데,2
명작이냐,2
4위,2
파이러츠,2
개좋네,2
커밍아웃,2
2016년에서,2
스미스,2
너때문이잖아,2
알았음,2
힘내랔,2
상상하노,2
계산기,2
대환장,2
멘고멘고,2
증거입니다,2
멸망,2
하루,2
시청자,2
위한,2
시작에,2
고딩이,2
안오면,2
와와와쓰레모노로,2
bd사는거,2
쿈씨발새끼,2
여자라구요,2
허벅지로,2
있었던,2
시작이,2
금방,2
히가시,2
양심,2
안남았네,2
키타wwwwwww,2
몰라요,2
16년이,2
모핑,2
저런,2
느낌,2
개털리네,2
일정,2
야붕이,2
가방,2
한시간,2
기대기대,2
테이블,2
살면,2
입니다,2
친구가,2
멘탈붕괴,2
젤리좌,2
몇명이,2
들어보고싶다,2
등장,2
저러는거내,2
차라리,2
하니까,2
수고했다,2
소설,2
여름,2
많네,2
헛소리는,2
다시보니까,2
극장판,2
작안의,2
브금,2
여객선,2
폰이,2
순정충,2
링크좀,2
일남충이,2
콜렉션,2
못함,2
어린이갤,2
개소린지,2
대나무,2
알아가지고,2
성우새끼,2
생각하는거봐랔,2
아는사람,2
30일을,2
킹갓,2
히루히,2
디씨,2
좋지,2
낳고,2
천번이,2
만들어옴,2
한번,2
도서관에서,2
맞냨,2
숙제하자,2
있는거,2
1분전,2
유호,2
10살이면,2
겨드랑이,2
들이밀더라,2
개웃기네진짜,2
레이드,2
입갤했네,2
시체가,2
방송하냐,2
선택,2
맨날,2
이노래가,2
놀러왔네,2
파고있놐,2
야짤,2
하고왔다,2
이름이냐고,2
씹머꼴,2
풀스택,2
기대되는군,2
범인이네,2
11화,2
매드무비,2
흑우없제,2
보는,2
듣고,2
머임,2
처음부터,2
9시에,2
향해,2
생리,2
웹사이트,2
백설공주,2
올라가노,2
이해했노,2
넘나좋,2
동굴,2
학교1등은,2
세컨드,2
염전주도,2
나는,2
새벽,2
액션물,2
왤케,2
개부럽내,2
에스오오에스나라다이조오부,2
반사광,2
행동력보소,2
기분,2
여름에,2
왔네,2
저정도,2
봤는데,2
찍어뒀지,2
닥치고,2
같은거,2
요즘,2
여름방학,2
아니랄까봐,2
아니고,2
입겔,2
동침,2
히오스,2
야스하네,2
들어갔네,2
조크,2
미안해,2
노래에,2
시발새끼,2
곱등이쉑,2
스폰서,2
눈을,2
비가,2
오네가이,2
만갤에,2
개기대중,2
트위치에서는,2
치마,2
눈이,2
올려주면,2
청춘,2
결국,2
자살하겠단거,2
대짜,2
분위기,2
야구부,2
쳤음,2
왔다,2
손놀림,2
부드러운거,2
안하고,2
사랑해,2
꼬라지,2
왔으니,2
재미없네,2
우울증,2
속이,2
극한직업,2
있긴,2
누군데,2
그림자,2
헛소맄,2
전화고백,2
제정신아니야,2
괭이갈매기,2
파랑새,2
2100,2
보고있느넫,2
안하노,2
컨텐츠,2
중계하느라,2
나오네,2
나루호도,2
이해하는데,2
끝내자,2
항상,2
중계달리는,2
힘들었겠다,2
카미사마,2
노예였네,2
안나옴,2
안함,2
만연체,2
선생들도,2
시간정지다,2
저런거,2
눈치없노,2
좋네,2
안가도,2
타니구치데씈,2
아직까지,2
눈썹봐,2
생각은,2
드뎌,2
자꾸,2
당근,2
코타에와,2
링크글,2
엉덩이,2
마는거봐라,2
없는거,2
주머니,2
뭐가,2
잠깐,2
대충,2
꼬리치는거봐,2
쿈새끼는,2
좀더,2
부럽다,2
연습,2
다보고,2
머리스타일,2
있노,2
일단,2
한명도,2
이쁘다,2
멈춰줘,2
나오냐,2
검은조직,2
공지,2
시작이다,2
5등까지,2
교복이냐고,2
가장,2
츠루야누님,2
명언,2
있는데,2
나름,2
실화냐,2
보면,2
먹어야지,2
히라노,2
범죄자,2
무덤을,2
아저씨들,2
3화,2
미리,2
살아있어,2
캐나다,2
엔딩이냐,2
목표는,2
7화,2
노래냐,2
봉오도리,2
엑스트라,2
8화,2
창녀근성,2
어딨는거야,2
설마,2
눈치,2
씨발련아,2
개꼴리네,2
백퍼,2
8배속,2
마이크,2
사이트,2
가슴만지고,2
미모,2
60프레임,2
사기치고있냌,2
에반게리온,2
꼴리넼,2
고도에,2
조기축구회,2
하루이갤,2
둘이,2
갤주님,2
좆같은,2
저렇게,2
갤주는,2
개잘어울리네,2
아서코난도일,2
인터페이스,2
터짐,2
무시하고,2
끝나고,2
기관은,2
바로,2
모르겠다고,2
노래틀어주세여,2
발연기뭐냐시발,2
있다고,2
1회차,2
온두라스,2
떡밥나옴,2
놀러간거,2
컴부장,2
3명이면,2
야해,2
칼빵,2
남았노,2
들어오는,2
형님,2
입갤준비wwwwwwwwwww,2
안경벗어,2
뭐냨,2
좆토애니메이션,2
컴퓨터는,2
느껴지겠넼,2
만념글,2
성우들,2
올려놓는다,2
직구밖에,2
해뇠었나,1
식의,1
진지한거보소,1
갈아입고,1
면간,1
아쉽놐,1
보자마자,1
하고싶은,1
2300,1
광고오냐,1
길을,1
달아라,1
벌레잡기,1
했을까,1
지능임,1
병신,1
바쁘네,1
욱일입갤,1
이어지는,1
뭐노,1
기만자새끼들,1
상식적인,1
2시간,1
날씨면,1
뜨신물이,1
앵귤러,1
싸가지,1
한녀마인드,1
내일을,1
존멋,1
찐따쉑들,1
이유가,1
우울로,1
작당모의,1
쿈게이야,1
빨통,1
어디선가,1
떨어지는뎈,1
신의,1
안입힌다,1
다크어썌신,1
아싸쉑,1
생리중,1
아이돌로,1
노시,1
학교라는,1
6등이다,1
성의없네,1
만져볼래,1
체력은,1
의복,1
하고있었음,1
훈련소는,1
맞출수,1
스탠드냐,1
싸이코패스,1
했었는데,1
아닥한듯,1
큰일은,1
게롯파,1
야만국가,1
아침부터,1
가정보안,1
분발해라,1
먼데,1
포장충,1
3교대고,1
시대를,1
이거애니새로나옴,1
슴골,1
아무튼,1
씹노잼행,1
저거시발,1
피눈물행,1
업글,1
기준,1
모으네,1
우산도,1
야트리스,1
자세면,1
사과하라,1
야인슈타인,1
안믿고있어,1
같지,1
사실싱,1
죽었다,1
꼽사리,1
다음화,1
빈혈,1
그런건,1
그언섹,1
로리들,1
끝나니,1
거대젖가슴,1
오피여자갘놐,1
전제노,1
들이밀움,1
풀려싿,1
5명,1
나빸,1
늙어서,1
작화,1
지능,1
표지,1
노동자,1
라는말,1
패러디,1
원래이랬나,1
상식드립,1
써라,1
i컵은,1
다컸지,1
눈물의,1
퇴갤직전,1
소년,1
퍄퍄퍄퍄퍄퍄퍄퍄퍄,1
때문에,1
오신,1
집사도,1
부릉부릉,1
입갤인데,1
혼내줘여지,1
야구장갔다가,1
5분은,1
재재재,1
피규어만,1
지금노래,1
추루야,1
얘도,1
추한데,1
ssd수면으로,1
말대꾸하잖아,1
감정실렸음,1
특보,1
금칙,1
물주냐,1
시간평면,1
콘바스,1
노예행,1
8명,1
묻혀서,1
저번에,1
찌찌도,1
기다려,1
소녘,1
혐한,1
미쿠르,1
왕복,1
칼질도,1
눈돌아가네,1
설산증후군부터,1
발페티시,1
웃긴점,1
1천만원,1
안하는거니,1
소레가,1
아름다운,1
품평들어간다,1
웃음참고있을듯,1
눈물이,1
전투력,1
로리누나,1
뒷태보고,1
파티,1
우리가,1
리얼,1
튀김옷이,1
무댄침입에,1
보는데,1
대줬으면,1
실한데,1
게이같이,1
방송에서,1
하루히왔닼,1
튼실한,1
레이와,1
내일의,1
이거왜실북갤임,1
그러니까,1
해볼래,1
의견좀,1
스튜디오,1
수상,1
37화하노,1
도심속의,1
모으는거봐,1
골든위크,1
로리하루히,1
충실하게,1
부드럽네,1
잡혔닼,1
업으면,1
현관합체좀,1
끝났노,1
케이이치,1
막곡으로,1
데쇼카,1
찌찌봐랔,1
각인가,1
사망플래그,1
선택한게,1
뜨거운밤,1
와타시노,1
컴기준,1
옵션,1
운전사,1
2기그림체,1
옆은,1
좋잖여,1
21일의,1
5분전,1
잡는거봐랔,1
조릿대잎,1
5위입갤,1
준비운동인거,1
수상하지,1
않았을까,1
치트템양도,1
작가새끼도,1
찍었다,1
내리네,1
8명만,1
개귀몁네,1
매미튀김,1
순삭,1
개땡큐지,1
꿀잼꿀잼,1
봐봐,1
누나한테,1
출발,1
그립다,1
대놓고,1
유일하게,1
바람구멍,1
가긴,1
깊은,1
1위냐,1
시즌,1
2발,1
개침착한거봐랔,1
끊으면,1
대딸,1
하게,1
엔드8이라는게,1
침착한거봐,1
뒤집었노,1
틀딱이라,1
노린거맞지,1
에스오에스나라,1
쇼호스트,1
물벼룩좌,1
뭔대,1
찍었네,1
드디어,1
딴갤에서,1
뜨는데,1
뿌려라,1
남았는데,1
들어야됨,1
댔다,1
대한,1
뿌서졌는데,1
치고있네,1
당돌하노,1
가치,1
또르륵,1
일교차,1
이이야이,1
보상,1
장난감,1
못들어주겟군갑,1
개삐졌음,1
계획,1
그녀,1
안닫아서,1
어서오세요,1
칼질하는순간,1
조언보솤,1
연속이네,1
다니내,1
빨동,1
그거듣고,1
고도의,1
목소리는,1
목적,1
쿨러에,1
22살,1
핵개발했노,1
오는데,1
입갤헀었는뎈,1
애미,1
270도,1
행위,1
방관하냐,1
당황,1
알바천국에,1
머리봐랔,1
니네가,1
영문판도,1
코난새끼,1
하고,1
아이디,1
강간,1
야구대회,1
얌전한,1
어케찾음,1
막타충,1
스택,1
미쳤다,1
3년간,1
짤렿네,1
오렌지,1
살았냐고,1
한게,1
대꾸했는데,1
달력,1
커플,1
월케,1
죄다,1
커여운거보소,1
걸어서,1
모셔와,1
고백으로,1
커피,1
감고,1
30분,1
찾음,1
얼굴로,1
일본의,1
참피년,1
하룻밤,1
커딩,1
했음,1
치녀다,1
썸띵,1
이장면,1
트루먼쇼,1
별은,1
제작,1
정곡찔렸노wwwwwwww,1
띵작인,1
간접키스,1
야린이날,1
시간왤캐안감,1
일본인,1
끝나냐,1
모르면,1
사이버테러,1
입만,1
드립수준,1
미안하노,1
다른,1
기름좀,1
있었음,1
3기발표중,1
뭔말인데,1
창녀로,1
집가고십다,1
보소,1
차단도,1
쿈만,1
ptsd옴,1
떡상하노,1
잊이제와서,1
커플충,1
야메토케,1
의미하는거지,1
자료,1
외모,1
중계끝나고,1
팔도,1
하나비,1
특집을,1
4d애니였노,1
플루이드모션,1
구매법,1
여자사는집에,1
8회차인데도,1
다릴,1
컴도,1
박기최적화자세,1
몇퍼냐,1
커피다섯잔,1
8번,1
부탁,1
갑분싸,1
주말마다,1
다리,1
만년이면,1
되야지,1
입었다,1
씹가능,1
어케이기노,1
최강꼴림캐,1
예쁘다,1
대꼴이네,1
합법거유로리임,1
말도안되는,1
지원오신분들,1
1분,1
몰랐네요,1
현대예술로,1
천번,1
멘트,1
베가,1
대홬,1
당한다,1
장애인,1
사겼네,1
만난적,1
가야하는데,1
보고싶은데,1
그와중에작업거네,1
다도는,1
일생겨서,1
핸드제스쳐,1
사진과,1
자세봐랔,1
정액마려워,1
코예부가,1
올리면,1
한국,1
애니잼냐,1
이번,1
꼴렸는데,1
안막았으면,1
3년됬냐,1
다땄잔어,1
꼴잘알이넼,1
된다면,1
포수플라이,1
대회,1
추파를,1
액자에,1
몸은,1
따이네,1
컴이란,1
걸리는데,1
묻힌,1
피꺼솟,1
빡대가리특,1
꽤있네,1
몸이,1
진짜였냐,1
횡단보도,1
3분,1
정말좋가,1
자판기,1
압축력,1
아20분순삭이네,1
짜장범벅,1
올렸음,1
애니메이션순서에서,1
개커여움,1
기계됬네,1
머임중계으디서봄,1
펠라최적화,1
프로,1
오피셜,1
끝이었을까,1
실하냐고,1
기관새끼들,1
ide없으면,1
술한자느했습니다,1
씹아싸,1
벗어재끼는거봐,1
토마렠,1
복수,1
러키스타는,1
글만많이쓰면,1
신났노,1
라이토,1
뭔가했더니,1
죽은사람,1
커플아웃,1
안짤리고,1
허술한거봐라,1
책좋아함,1
몸통박치기,1
못하면서,1
1등찍었다,1
모라토리엄,1
중시하지않아,1
존나부랍노,1
없네,1
전대통령,1
사람은,1
옷차림,1
감염된듯,1
보겄다,1
팬들이,1
설산,1
원해서임,1
혼틈,1
원탑,1
씨가된다,1
찍을줄,1
너무하노,1
되겠네,1
잘짰노,1
싸우는,1
타시카니,1
이상한,1
저상황에서,1
모니터만,1
안나네,1
빼자고,1
저표정,1
끄덕끄덕,1
없었음,1
방문,1
치인,1
60fps냐,1
칠판옆에,1
입갤wwwwwwwwwwwwwwwwwwwwwwwwwwwwww,1
노린건가,1
있지않냐,1
위암말기,1
어디나,1
달림,1
변중,1
5명은,1
콘푸레이크,1
고딩,1
할배새끼,1
자살안했노,1
메차메차,1
사실은,1
봐놓고,1
짧노,1
쳐노네,1
개족밥이네,1
방송정보,1
걸린거야,1
의상,1
법칙,1
누구냐고,1
달력이냐,1
안나냐,1
작화가,1
배틀넷,1
여기도,1
발사체,1
유포니엄,1
찍어놨다,1
틀어도,1
소오름,1
불러일으키노,1
애니다,1
죽은줄,1
볼수,1
게이얔,1
바랍니다,1
끝만보자,1
동기화중,1
지능이아니라,1
4밖에없냐,1
빡쪟다,1
커진다,1
세계의,1
존재감보솤,1
차리지,1
야년전쯤이었나,1
스키데쇼,1
두부외상,1
개많네,1
4위했다,1
흑막설,1
하면됨,1
굔이,1
토요일이라고,1
개꼴림,1
뺴고,1
낚이는거,1
저겤,1
잘록한거봐,1
충족했다,1
식고문하는거봐랔,1
이색끼도,1
이제보니,1
사귀고싶다,1
개최,1
애니는,1
될듯,1
비싼거,1
답답해서,1
빨라짐,1
소년범죄단,1
사랑에,1
깔어뒀노,1
본심,1
소스단의,1
온도계냐,1
적고,1
호타로,1
문예브,1
미스테릭,1
중계날이노,1
곱등좌,1
씨게왔넼,1
할까,1
어른들이,1
달아올라,1
애비,1
좋을듯,1
점심시간에,1
엔터테이너,1
영화제,1
시달소,1
여성상위,1
전파계에,1
사이에서,1
싹다봐서,1
틀쓰한데,1
또라이네,1
쿠루,1
오우,1
nasa에서,1
일하러,1
밥블레스유보는데,1
누구요,1
하려면,1
인간이냐,1
리본은,1
1위도,1
빵디,1
인기많냐,1
지는건,1
고쳐야,1
마이마이,1
컴퓨털한대면,1
단장브라,1
가슴축소수술,1
건너냐고,1
뜬거보니까,1
짝이업센,1
개멋졌는데너무,1
쟤내,1
시청,1
대로,1
볼꺼냐,1
서실,1
헤라클레스,1
잃어버렸음,1
부러지겠네,1
얻었노,1
입구가,1
침대체크,1
팬티,1
사키,1
불가사의,1
동굴탐험,1
정보글,1
동위체말고,1
전공,1
가노,1
인비저블,1
노역꾼들,1
씰룩씰룩대누,1
모리아니냐,1
모아도,1
손님받은,1
쪽찌끝에,1
놓아주면,1
드러내네,1
분홍브라속살슴골어우야,1
오왔따,1
쿈새키,1
3시간을,1
마렵네,1
표절인데요,1
팽개치는거봐랔,1
가슴을,1
어딘냐,1
잡히지,1
가슴은,1
무식한새끼,1
문과임,1
보자고,1
골든로드가,1
빛나노,1
놀러왔음,1
침착하네,1
13화부터,1
저거봐,1
유키짱의,1
중후반,1
적당히를,1
22일의,1
별나다고,1
돌리면,1
눌리는거봐라,1
많어,1
연출,1
지리네,1
가토,1
레벨,1
뒤에,1
만들줄,1
말이없네,1
본질꿰뚫어보네,1
만들었네,1
이게애니냐,1
이뻐,1
없다,1
나도놀랐다,1
풀죽은거,1
가슴크니까,1
생각함,1
저년잌,1
보라머리,1
스포,1
싸지,1
여긴,1
개쓸모있는거봐랔,1
글도,1
스폰,1
폭발,1
애초에,1
대장이,1
노동청,1
하나씩,1
우효,1
리모컨으로,1
염두해라,1
쓴거,1
어따,1
팬사이트도,1
언제나와,1
웃기겠네,1
업데이트,1
전국,1
말어,1
이히이이,1
과거로입갤,1
팩폭,1
사진에는,1
앤들리스,1
임신한,1
눈커진거,1
씹덕특,1
목아래를,1
못하게하고,1
말라니까,1
어리둥절했잖어,1
란마츠,1
실검임,1
봐서,1
쿈한테,1
10,1
안드로이드라서,1
재력가,1
타임이닼,1
풍경들,1
덮치는거,1
스승이다,1
아싸,1
검스,1
최저시급은,1
패두,1
의문점,1
입갤준비wwwwwwwwwwwwwww,1
닥쳤음,1
59로,1
잘못,1
기대함,1
편식,1
가겠노,1
기사같은사람이냐,1
나의피코on,1
끝이냐,1
21세기,1
겁니까,1
연기,1
과도,1
뮈냐,1
끝나버렸노,1
존나먹네,1
머리,1
여기뭐임,1
신엔딩입갤,1
3살녀,1
또먹어,1
압갤wwwwwwwwwwwwwwwwwww,1
거유라,1
남자도,1
떨어져,1
네코미밐,1
갑니다,1
치지,1
튼딱새끼들,1
안볼꺼,1
가슴흔들리는거바라,1
난교파티,1
닥치면,1
이번회,1
불후의,1
ost도,1
0살,1
모든게,1
40분,1
기껏,1
알아봤음,1
무네니,1
의심,1
상태표시줄,1
서있냨,1
아무것도,1
마음,1
확인중,1
재밌데,1
자바,1
3p,1
히오스같은소리하네,1
72시간중,1
저러고있음,1
미개하다,1
킹갓드라이버,1
오야스미,1
열기,1
깼어,1
최종,1
4g,1
되보이는데,1
공부하네,1
세명인뎈,1
슬프네,1
60,1
되나보네,1
캐릭터의,1
받아줘야지,1
강한데,1
폭딸임,1
화장실타임,1
써볼까나,1
쿈동생,1
4위밖에,1
저런말을,1
진짜심하네,1
쳐먹지마,1
꼴릴때,1
빙글빙글,1
퍈티를,1
얘네들은,1
mp4,1
잡네미쿠루쟝,1
밀실,1
통째로,1
34세,1
인타페이스,1
따뜻한거,1
순순히,1
집사랑,1
유명인사,1
최대반전,1
야야야,1
와앜,1
필드어드밴티지,1
못읽어,1
자신의,1
빡치는건,1
그렇고,1
오왓다,1
켜놓고간걸까,1
러버매트,1
군함도로,1
극혐,1
히든이,1
야스부,1
저리오는대,1
정전갤입니다,1
정체,1
방종하자,1
박살,1
피크닉옴,1
흉한,1
7명이네,1
3기보다,1
개꿀,1
프로일남충,1
당해도,1
바카쟈나이노,1
화대,1
팩폭하노,1
하노,1
수고하셨습니다,1
죶됐다,1
스토리,1
히에에에에에후응,1
도중까진,1
강탈,1
풀메탈패닉,1
보다가,1
다보면,1
1일의,1
샤프트에서,1
개쩌노,1
안경벗은거로,1
대답을,1
도키도키합니다,1
설명이,1
학교복지,1
끝내다,1
생각나는게,1
못달렸다,1
안경이,1
말은,1
주무르고싶다,1
누워있을순,1
아슈발꿈,1
8입갤,1
찔리노,1
축하한데스,1
파자마,1
3화도,1
강제시청,1
의문의,1
곤충채집은,1
개꿀잼,1
났을까,1
치질이냐이거,1
저딴볼이,1
교향곡,1
야분,1
파딱도,1
오프라인,1
미만잡,1
자원봉사단이었노,1
하고나서,1
마셔줄수있음,1
8에서,1
개쓸데없노,1
빛카토,1
진지충,1
치는건,1
20분에,1
저러면서,1
1등한거,1
여기는,1
코스시킨거봐,1
가짜임,1
들렀읍니다,1
미래가,1
웬만한건,1
일침충,1
허락했음,1
개껄인데,1
위치,1
이미지관리,1
똥싸는사이에,1
이상,1
할아보지들,1
2위는,1
죽네,1
야본코제,1
끝이네,1
번갈아했는데,1
야머노이드,1
튀기면,1
2차가자는거도,1
원작자,1
3개네,1
합리적인,1
띵킹,1
지리,1
분들,1
구라를쳐,1
란티스,1
동복이,1
1등해본게,1
안됐지,1
흑우들,1
있는사람,1
미개해,1
발사,1
코타츠는,1
집단이,1
홀애비,1
d드라이브도,1
구석에,1
망상병,1
저거하느라,1
별걸,1
입잖어,1
병신아,1
잔머리충,1
놀란거보라,1
신권나오냐,1
쳐졌네,1
가슴큰여자랑,1
만족,1
높이,1
엠넷은,1
오나홀이지,1
쉬는데,1
일본킹,1
근육질임,1
당하려는,1
도우조,1
아니그래서,1
미안,1
어캐입혔냐,1
개귀엽다,1
자매덮밥,1
두툼한,1
에미리는,1
사설탐정이노zzzzzzzzzzzzzzzzzzz,1
3연타,1
창고,1
플래그,1
비밀스런,1
운영자,1
먹으면,1
오긴했냐,1
말라고,1
505호,1
와우,1
엔딩만,1
똑같은거같냐,1
대욱이가누구임,1
해주는거,1
꺼지고,1
오랜만이네,1
1등은,1
기회를놓치네,1
기대했음,1
인생,1
키타wwwwwwwwwwwwwwwwww,1
못보네,1
가져가라,1
들으라고,1
잘부르네,1
흔들흔들,1
복선도,1
까먹는거,1
킹니테일,1
겟또wwwwwwww,1
단인지,1
부드러워서,1
우소뿅대,1
붙여라,1
설정만져야함,1
12에는,1
나옴,1
찐따특,1
오와와왁,1
방관봐랔,1
본거지,1
수박두개,1
걷는거봐라,1
난다난나다,1
개념,1
인성,1
있었다,1
오와콘아니얶음,1
새끼,1
애반게리온,1
휴머노이드,1
좋지않을까요,1
개년,1
주물럭주물럭,1
마스크,1
사나이답군,1
재빠르네,1
애니에서,1
안경갑,1
실사풍이냐,1
육덕진거봐라,1
포스터,1
일생겼잖아,1
살아잇엇네,1
투니버스에서,1
불쌍하다,1
95주제에,1
복수함,1
의도적이네,1
깨냐고,1
출신,1
기넥,1
기네,1
상상된다,1
일요일,1
흥갤가니,1
귀엽다,1
몇살까지했더라,1
범죄단,1
수정,1
늘어놓는게,1
콩가루가,1
중국부자가,1
아십니까,1
롯데,1
파멸,1
허억,1
어딨노,1
와따싴,1
자궁에,1
틀린말은,1
모르겟음,1
뿌리노,1
올려주시기,1
님들은,1
타노스가,1
윗사람은,1
와야지,1
c컵에,1
만든거봐,1
무한섹스했는데,1
3년동안,1
3시,1
계속하는데,1
그렇다,1
한다,1
들어와서,1
아니잖아,1
달리나요,1
불가항력,1
톱뿌페이지,1
주인좌,1
상폐녀,1
하는줄알았는디,1
눈먼,1
않아,1
자막은,1
4시,1
풀다가,1
느그가,1
왼쪽에,1
안경충,1
찌른거네,1
한판,1
나오라고,1
맞음,1
있었노,1
높다고,1
맞이,1
중2병,1
갓경충,1
새네,1
입꼬리,1
하던데,1
경비아저씨,1
야갤입갤이노,1
되면,1
늦은,1
맞는말이지,1
에이틐,1
사고싶다,1
엔드레스8,1
어제자,1
어디갔노,1
어울린다,1
똑똑한게,1
저녁,1
마음속,1
매우,1
바카바카,1
분홍,1
불꽃패드립,1
vpn도,1
23일의,1
저걸보고,1
도쒼,1
화대가,1
울트라맨,1
못했다고,1
끄네,1
가슴만질래,1
기타2wwwwwwwwwwwww,1
윤간,1
즙짜노,1
한마디로,1
이부분,1
갔닼,1
너프당했는데,1
머중계하는건데,1
아무렇지,1
되도록,1
기른데,1
데려오지,1
츠키히메,1
안에,1
너무한거아니냐,1
넥타이잡히기,1
둘다,1
8시,1
호구쉑,1
많지,1
개변태새끼,1
키미도리좌입갥,1
찾기,1
광고홍보도오네,1
누물,1
쨔넼,1
30초제한있는거,1
맨탈붕괴,1
되려나,1
니가토도,1
숙가락,1
뒤짐,1
맥거핀,1
후회해야지,1
3기는,1
이쇼니,1
설명충쉑,1
피아노,1
곤란하다,1
나이,1
보지고,1
불끄는거,1
잃은것도,1
상태갘,1
느끼는것만한데,1
다음에도와라,1
공지를,1
재미,1
나의,1
놀아났다,1
법도,1
빨리봤어야,1
올렸네,1
다이죠부,1
씹좋음,1
경고해줬는데,1
비씹덕판,1
8억원,1
새된사람,1
떠내려가곘다,1
중계게이야,1
소녀들이,1
서코에,1
재밌,1
당당하네,1
눈치빠른거봐라,1
안나왔네,1
일해라,1
히키,1
스포주의,1
오우오우,1
8이냐,1
부속물,1
올라타고,1
폭죽에,1
틈타서,1
루팅권한,1
보존,1
에이쁠이지,1
부였노,1
크레딧으로,1
최강,1
개커영,1
4명이네,1
누구임,1
부모님이,1
뽀뽀할때,1
언제하냐,1
화났다,1
1위했노,1
개오지넼,1
섬에,1
문대는거봐,1
말했음,1
브금이지,1
익스트림하게하네,1
아니겠지,1
방금표정,1
3살도있는데,1
rrxrrxrrx권한,1
그곳임,1
들여야,1
뭐였음,1
머박이네,1
보이놐,1
포상,1
유카쨩,1
정지화면으로,1
입성,1
적어보이네,1
오버클럭중,1
생리자너,1
다썼대,1
지렁이,1
난자,1
재밌었다,1
어린,1
하는새끼가,1
데네브,1
세번째말한다,1
5위재입갤,1
방명록이라도,1
떳지,1
언제함,1
피터지는거봐랔,1
들어감,1
유입오면,1
달아봐,1
벌떡,1
로아도,1
쓰노,1
하여튼,1
있었냐,1
있다며,1
코코,1
영상은,1
보겠네,1
이래도,1
여자두명,1
컴으로도,1
책읽는,1
암약,1
홈런,1
처웃노,1
zoz단으로,1
추억,1
할배쉑,1
끝인데,1
놓치는,1
게이임,1
패드맆,1
바스트모핑을,1
어렵네,1
하더당해서,1
기대,1
벌려줬는데,1
디시콘,1
전화해서,1
눈도안마주침,1
아임,1
각이노,1
착하긴,1
생방송,1
눈치보느라,1
살아서,1
않은게,1
올줄을,1
사형,1
낮에,1
두개나,1
중계중이다,1
숨김폴더는,1
빨아주고싶다,1
곤충잡기,1
뭐하고,1
샌드위치,1
이번화도,1
솔플하는,1
그림체의,1
앉은,1
반성회는,1
중계충들도,1
진자퓨,1
조약,1
2일의,1
루트권한,1
딱걸렸노,1
최고,1
단서,1
딱일듯,1
의뢰를,1
이기세면,1
5점밖에,1
간호사복은,1
59프레임이다,1
악덕사장하면,1
각이다,1
내용이,1
1080p,1
영어더빙버젼이다,1
js쓴다,1
볼이든,1
야석,1
산소호흡기인데,1
기사는,1
안뜨겁냐,1
개빡쳫네,1
4화도,1
말아주세요,1
고백,1
거지,1
듣다보니까,1
배속,1
마갤,1
딱붙어서,1
인상이,1
허접,1
명작에피소드,1
좆같이입음,1
딸쳣다,1
왔음,1
컴도있다,1
2개로,1
음모지,1
가라,1
설정,1
감행,1
안믿더니,1
5등에서,1
머리한거,1
재활용,1
바뀌네,1
놀고,1
가슴보는거같지,1
기사님,1
자전거,1
난파선,1
안되졌다,1
싱크,1
둘이서같은방쓰는줄,1
게이섹스,1
안내리는,1
진심씬,1
섬은,1
오류를보고,1
남은,1
준비한,1
침공,1
언제찍놈,1
cpu로,1
공손한거봐,1
남의,1
올라온,1
진보,1
신같이,1
저시절,1
개백수라,1
나가라고,1
미루쿠쟝,1
패배자팀,1
맞춰주는,1
남음,1
19일의,1
짜르냐,1
포수,1
스삿좀,1
부동산까지,1
시대,1
지능과,1
착한척,1
백업쉑,1
천사의섬에서,1
태세,1
아무리,1
예토전생하는거봐라,1
검은방,1
만갤,1
보게될,1
12권이다,1
바르고,1
비밀고백,1
2기만들면서,1
아꼈다,1
주동자,1
덧나냐고,1
4명으로,1
내용을,1
소원이,1
절대,1
빠빠빠야빠야,1
손가락,1
3억,1
바꿔라,1
수준wwwwww질질,1
엎드려,1
코시엔,1
이해함,1
터진듯,1
자업자득,1
당해라,1
둥둥둥두두둥,1
잘들어가넼,1
남자,1
들이대니까,1
또시작이네,1
조건걸기,1
힘내,1
않은데,1
재발견이네,1
ios였음,1
황혼기겠지,1
사건은,1
파이썬베이스,1
연기잘하는,1
붙였나보네,1
입었을까,1
표정을,1
만지지,1
아주,1
사복이,1
포스,1
말하지만,1
자기도,1
각재네,1
안경남,1
묘사하는,1
젖토애니메이션,1
들어줄만함,1
열차안에,1
이시발,1
5년만의,1
노빠구,1
살화,1
심심해서,1
최근,1
개흑우,1
걷지,1
나지,1
시간여행하려면,1
재생하는거아님,1
시대엔,1
어씨발언제시작했냨,1
아5년남았네,1
찾냐,1
감시하면서,1
괴담,1
사축이었네,1
1g용량으로,1
숨김설정,1
스포츠였냐,1
잘치네,1
내용,1
쿠니키다밖에,1
밖에,1
는게,1
돈은,1
이쿠죠,1
유입많다,1
유쾌,1
가뜩이나,1
트라우마가,1
계산,1
터트리고,1
잘치넼,1
페그오돌리고,1
유입은,1
흑막,1
나올텐뎈,1
했네,1
구라치고,1
어디가긴,1
뒤져가는,1
시작하면,1
5위갤,1
뒤져도,1
좆노잼이네,1
말존나많아,1
민주,1
개멋짐,1
호구의,1
회사에서,1
코구에피소드,1
노잼이었는데,1
닥쳤냐,1
높은거냐고,1
특별하니까,1
꼴좋닼,1
반에,1
빅사이즈,1
빠르다,1
늬집,1
3d그래픽으로,1
저걸쳐먹네,1
창년이,1
돈이,1
몇화,1
이모토쨩,1
빡친거같지않냐,1
기간한정,1
짐레이너,1
올컴플,1
알바야,1
슈퍼드라이버,1
통속의,1
중독,1
일어날까,1
모든화,1
제스쳐,1
안아주고싳다,1
대변인이냐,1
만드나,1
충분한,1
조건만남,1
실패,1
예의바르네,1
메모리누수있다고,1
지나도,1
그럴꺼면,1
i3,1
했노,1
코가토,1
뒤졌노,1
세명에서,1
입갤wwwwwwwwwwwwwwwwwwwwwwwww,1
박을수,1
들아,1
개불쌍함,1
킹본의,1
대출카드,1
도망갔어,1
스물,1
중계를,1
방송이,1
말고,1
cg수준,1
따르노,1
전화가되노,1
히우우후후후후우우우우,1
넘나커엽다,1
상대성이론,1
만지고싶다,1
우리랑,1
이것저것,1
발정난수준,1
침몰했으니까,1
존나징그러워,1
정도는,1
재구성했노,1
음란해보이잖아,1
2윜,1
광고도,1
꼴리는건,1
기합,1
나가냨,1
저딴,1
24일의,1
아라가키,1
전부같다,1
코윳쿠리,1
귀신,1
스패이스바,1
부서지는데,1
킹갓토,1
스케쥴러,1
차단되는데,1
하벌써꿑,1
하콘데,1
일본도,1
지니까,1
문안열어줌,1
약한거보솤,1
품평회,1
저때,1
뭐하는,1
개솔직,1
부르는중인데,1
역배걸었네,1
죽여버리겧다,1
시동건다,1
죽였는데,1
일안하냐,1
경찰이랑,1
안던지면섴,1
순간,1
유일의,1
인방켜서,1
2호선,1
수백번은,1
서클은,1
굉이갈매기울적에,1
미트콘드리아,1
6위,1
안경녀,1
알라딘,1
분명,1
전자같은데,1
시드,1
4위냐,1
시디,1
야레야렠,1
노래2,1
노래3,1
윈도,1
불쌍한,1
변명봐랔,1
필요하다,1
프로듀스했어야지,1
일시불,1
택스트로,1
내일부터,1
글써라,1
시발련아,1
10등이닼,1
개좋넼,1
안보면,1
1위안하면,1
쉭쉭,1
미투해야함,1
앞은,1
커피열잔,1
헛소리하니까,1
만으로,1
우울하니까,1
얼굴이,1
왠일로,1
하짤봇,1
꺼져있었구나,1
도타해,1
4위네,1
들어오셈,1
뒷내용,1
상황,1
튼줄,1
집에서,1
순이였지,1
4잏,1
초딩도,1
까는,1
힘내라,1
스포하고,1
5일,1
쇼크,1
안지나치냐,1
얼굴을,1
치녀,1
에러일으킴,1
기관멤버인거,1
빠지면,1
전함,1
끌지도,1
턴제게임,1
좋아,1
박음직스런,1
안그리냐,1
한남충쉨,1
엔들리스만,1
무슨뜻이긴,1
헤이,1
니플패치,1
승리,1
바꿔가면서,1
똥인터페이스상,1
연휴라고,1
패배,1
이런게,1
커밍아웃하겠네,1
뛰어서,1
크네,1
할래,1
갓애니,1
보자는,1
올렸다,1
히페리온,1
가슴골,1
자막못봄,1
할만하다,1
머리모양,1
따라왔놐,1
반응,1
간호샄,1
의심안하는거보면,1
먹여살릴,1
드라이브,1
브라질,1
얘두라,1
개씹떡,1
리중딱,1
들고가서,1
인원,1
찔러,1
히든,1
섹스체험도,1
했다,1
정독,1
무리는,1
인기가,1
4번타자,1
누가보냐,1
개커엽네,1
안만들은거,1
내지마셈,1
드립치는,1
후속작,1
저대로,1
쳐맞는,1
좆망겜,1
하나하나가,1
시험,1
음흉한거봐랔,1
쿈아,1
야니메이션,1
잃어가는거갘냨,1
느껴보는것도,1
멘고멘곸,1
풀다,1
표정에,1
갤러리에서,1
싸는,1
누가신고때린거냐,1
그나마,1
열혈,1
존좋,1
소실이나,1
해쳐먹었노,1
정기휴가주는데,1
푸와핫,1
쌍으로,1
톱10이다,1
냐앙,1
놓는데,1
정신차리자너wwwwwww,1
커서,1
은근,1
마르크스주의,1
사망,1
내일의태양이뜰거래,1
op입갤,1
성욕을,1
기대하닠,1
코페리온,1
아이스크림,1
라노벨에,1
모두,1
봤음,1
시간이동,1
오셀로,1
밑에보니까,1
59였음,1
불구덩이에,1
맨앞에,1
살인사건이다,1
전화,1
전환,1
예의없는,1
3일의,1
엮이는건,1
골반라인,1
째릿,1
뿌요센세한테,1
나게,1
폐쇄공간때도,1
tpdd금지사항뚫렸냑,1
볼걸,1
개민폐,1
유키곡임,1
보구,1
안밝혀짐,1
입에,1
쌓아둔거뭐냐,1
컴켜라,1
빡돌았음,1
하다끝나네,1
반전,1
걸게,1
토들러잖어,1
이단이,1
존중,1
여자화장실가서,1
2주,1
나체,1
하려하지말고,1
발정기,1
커피식었음,1
뭐하냐,1
발표이벤트,1
싹다,1
그딴거,1
지불해야지,1
오키,1
기억했노,1
지금시대면,1
3기래서,1
겨우,1
입덕작이,1
숙제는,1
할거같은데,1
잠시,1
3개로,1
생리터졌다,1
위치를,1
좋겠닿,1
1드이다,1
쓰라고,1
모든,1
외계인이지,1
달성했노,1
커엽게,1
의젖같음,1
입부하네,1
오냐,1
이젠,1
있어,1
컴퓨터부장개새끼,1
나와야알짘,1
뒤졌네,1
능력보고도,1
강간마렵노,1
튀지마라,1
망루다,1
부시로드,1
첫번째,1
띵작애니,1
할말이없누,1
입갤해라,1
처음이랑,1
채팅,1
이어서,1
쓰리썸하고왔음,1
오지게잡내,1
일은,1
얼어있냌,1
일이,1
팟플레이어,1
많았지,1
수요일인가,1
영하,1
핏빛노을,1
존슨미스,1
한가운데서,1
미연시였냐,1
진지해,1
코딩조무사였네,1
발냄새,1
왠지,1
컨셉,1
만료되냐,1
보답할줄,1
뭐였더라,1
벗는거봐라,1
인정,1
혼자볼떈,1
못챘으면,1
4위다,1
안해서,1
혈세다,1
싸구려가,1
악몽인데,1
간보지말고,1
명확하노,1
야야,1
단장은,1
바르네,1
야어,1
움직임,1
야외섹각,1
작화네,1
피해자의,1
행복하네,1
전개한거봐랔,1
본능적으로,1
허걱,1
우승후보임,1
폭풍전야,1
걸리적거리네,1
수작부리냌,1
자주놀러와라,1
바람잡는거봐,1
성인애니였으면,1
상으로,1
야나두,1
사기꾼,1
나와서,1
대음순스럽냐,1
개사기다,1
중계로,1
언제햇음,1
남자라니,1
모리입갤,1
사주냐,1
체온,1
부탁해요,1
애니를,1
없었을거같은데,1
켜놨노,1
신안염전협회,1
미쳤,1
이런건,1
3초컷인데,1
인공지능이면,1
때우네,1
제목이,1
미래를,1
진심이었을까,1
디스,1
박지마,1
뺨따구,1
할배가,1
벽딸,1
좋은,1
주작인척하면서,1
다이쇼리,1
걔씹갓곡,1
식욕은,1
참피,1
요컨데,1
두명,1
야옹,1
와10명,1
믿을수없냐,1
칼빵이였네,1
이타노,1
6위가,1
드리죠,1
대비해서,1
패스트볼만,1
페타,1
정떡,1
댄스,1
상녀자,1
찌찌나온닼,1
피까솟,1
경악,1
정체는,1
밀착,1
투박한,1
사서볼까,1
존나함,1
케플러,1
입을,1
갓티브잡스,1
지루함,1
타구는,1
젠틀하눜,1
아깝네,1
자학개극지,1
어제상황,1
뺏겼네,1
닥치라고,1
살인이,1
홍보,1
오신것을,1
올릴건데,1
물건취급,1
안녕하세요,1
영어더빙,1
다른데,1
할말,1
영화,1
간단하게,1
이럴때만,1
쳐입노,1
당근좌,1
자연피임인데,1
거머리한테도,1
쿈의,1
모두가,1
문제지,1
새로,1
저기도,1
해라,1
배운,1
설교충,1
데헿,1
않게,1
없었다,1
폭딸쳤을듯,1
흐응우융,1
차림도,1
바라던,1
못움딕인다이,1
칠판,1
처맞아야,1
누가가르쳤누,1
한명,1
느끼나보닠,1
조현병,1
야래야래,1
고소,1
아마브릴은,1
안지킴,1
애니채널,1
고문실있다,1
이전에벨은,1
관련된게임중에,1
염전노예된다는,1
유포,1
뭐엿냐,1
알게,1
사랑스럽다,1
안걸리게,1
토모다치,1
집사,1
오는,1
담담하냐,1
25일의,1
만년,1
못입네,1
지금은,1
치마입고,1
효도르같지,1
아까는,1
뭐였냐,1
켜놓은걸까,1
뜰거야,1
48위,1
허세오지구,1
안끝났어,1
노렸노,1
알고,1
카드캡터,1
해야겠네,1
코루히다하루히는,1
꼴릴,1
잇쇼니,1
존나이쁘네,1
꼴림,1
자이니치라,1
이쁜것,1
쌋다,1
주딱은,1
많긴한데,1
부쳐줘,1
동접자수,1
차로,1
코구장,1
배아파서,1
털린거봐랔,1
내여친임,1
와씨발,1
핸드폰,1
시작부터,1
최대,1
눈물난다,1
브금신청,1
꼴렸다,1
한계같다,1
폰은,1
부냐고,1
평가,1
안되노,1
대기중,1
펠라치오,1
변혁,1
존나까도,1
코형,1
성상훔화지,1
쿠로이,1
속성,1
떠오르는구만,1
복수엿냐,1
해달라고,1
포즈잡는거봐라,1
만나면,1
성인판,1
저거저거,1
깨지네,1
떳냐,1
산타랑,1
글싸지,1
틀딱작품입니까,1
고도증후군이라길래,1
요약,1
주소좀,1
책좀읽어라,1
바보같이,1
입좀,1
번뇌시간,1
게이는,1
히키코모리,1
추천,1
한국인의,1
아깐,1
힝행,1
안되넼,1
좋아보이냐,1
먹을수,1
새끼야,1
잘왔고,1
다음노래는,1
커엽닼,1
실시간으로,1
어디안가노,1
변화구가,1
안되네,1
주작기,1
적폐샊,1
폭풍삼진당하넼,1
지랄을하네,1
통계,1
다보자,1
브라끈,1
공놀이해,1
쓰리투원,1
존나착해,1
침입한,1
저말,1
자아가,1
로리에,1
온닼,1
메챠메챠,1
해봐야,1
고화질로,1
빵송,1
새의상,1
가려져야지,1
단원은,1
안경모에없다고,1
조작하넼,1
은근슬쩍,1
갓흥갤봐랔,1
자기소개,1
요염,1
칼찌르다,1
뿌리면,1
방학이,1
기원한거거든요,1
찾아내서,1
충분하지,1
이따이데수우우,1
6화에서,1
승부,1
올리가,1
몇년만이냐,1
눈치없지,1
아아앙아아아,1
않을듯,1
해주냐고,1
바삭바삭매미튀김,1
2가,1
블랙사장,1
비명횡사했나,1
있었길래,1
부족하다,1
찌찌어택은,1
돌던져,1
달리고,1
1차,1
대기업,1
3기떠서,1
뚝딱,1
구경하네,1
민속놀이도,1
09년대,1
2개,1
내거,1
세명이,1
기다렸음,1
등장을,1
알바새끼였네,1
현재,1
비디오,1
온더,1
코루각재노,1
한번에트노,1
어렸을땐,1
뭔가요,1
폭력적이네,1
있었구나,1
살았음,1
아는게,1
바지벗기러간다,1
바라노,1
개좋다,1
근로자의,1
sm도구,1
뒤에서,1
만능,1
알리는,1
머야,1
뺴면,1
가슴충쉑,1
한발,1
펑고라고,1
일본이다,1
즙짜기입갤,1
빅젖,1
화력좋노,1
풀리지않는,1
안잡냐,1
숙제할,1
자전,1
빡치지,1
비젼,1
에피잖어,1
말해보자,1
배틀물,1
교훈충봐랔,1
스포아님,1
가라고,1
8화가,1
나가토집,1
사회에서,1
4일의,1
거꾸로,1
세상에,1
스즈미야3기나옴,1
b급제작사,1
기쁜주제에,1
입증,1
못가고있었넼,1
소리하네,1
중리,1
그러면,1
맞냐,1
6개,1
보네,1
시작된다,1
광고쟁이차단왜하냐,1
체고다,1
평면으로,1
소라넷의,1
자전거속도봐라,1
몰랐을,1
왜보냐,1
어쩌려고,1
걸렸다,1
해가지냐,1
떼우는거봐,1
졸개,1
키스했노,1
몰랐음,1
ime는,1
많다,1
7개,1
진상규명,1
앞서나간,1
소식,1
왤케많노,1
딱지들,1
배상좀,1
마지막에보는게,1
쪼그라들었더니,1
몰라,1
밴좀,1
파닥파닥,1
쿈자지,1
작가에게,1
폼은,1
나이묻는,1
시간없는데,1
갉아먹음,1
4개로,1
찌르겠네,1
라마누잔,1
커플인데,1
누굴까,1
시작끝은,1
짐승,1
선즙필승,1
각자재생하자,1
뉴비시절,1
답은,1
맨앞하고,1
몰래,1
가버렿다,1
나도부쳐줘,1
포즈,1
하잖어,1
농담,1
맞네,1
말할땐,1
트럭에,1
안터짐,1
작좀,1
편의점도,1
열면,1
너무좋음,1
4교시끝인데,1
존나많넼,1
치녀설,1
동굴에서,1
애피인데,1
이갤,1
중계일정,1
킹루야,1
공안부에서,1
찍고있네,1
찔렀네,1
안하죠,1
어떨지,1
코럼,1
3초,1
배타면,1
sos마크때문에,1
디자인,1
생각부터,1
타이라니드,1
결게인가,1
노는거야,1
알았지,1
만지게,1
야하게가네,1
먼저하겠다,1
그걸알려주냐,1
5위한거,1
찍을수있을까,1
다르다,1
미래로,1
다시봐도,1
존나큰데,1
손잡이,1
흥갤에,1
5초,1
왕게임,1
모리씨,1
찔러도,1
나오죠,1
표정머꼴,1
타갤,1
조금,1
떳닥,1
군대,1
츤츤대는거,1
조크하네,1
극한의,1
갤매기좌,1
못버틴다매,1
아시발하루히처음보는건데스포당했네,1
개이득,1
영업어캐하냐고,1
내일해,1
쓰면,1
하렘왕,1
있던데,1
마지데스카,1
찍어와야할거아니야,1
뻘글좀싸라,1
쿠이쿠이,1
갤주임,1
괜찮다니,1
매너,1
5천엔,1
않다고,1
중계방,1
않았냐,1
안듣고있음,1
조직들은,1
가능이었는데,1
두노wwwwweeeeeewwwwww,1
사이드로,1
찔러죽이겠네,1
혹시,1
위원장,1
존나쌓네,1
최선임,1
내버려두냨,1
스장면,1
일침만,1
단장빵댕이,1
소리들린다,1
낮아진거봐라,1
쉽구만,1
아낰,1
데이틐,1
10명이나,1
명예훼손으로,1
출근,1
것중에,1
꺼내서,1
개빌질짜네,1
발견,1
남고생,1
네상,1
op에,1
동년배들,1
국제무역센터도,1
꺼지라고,1
모리,1
길이라고,1
시팔련아,1
보려면,1
응원녀들,1
정부같노,1
상대해,1
네번째,1
눈썰미,1
장을,1
3회만,1
노려보는거봐랔,1
깡봐라,1
엠블,1
가즈아wwwwwww,1
포니테일했노,1
안죽고,1
어차피,1
쳐먹노,1
충격,1
끝났으면,1
먹을,1
2기,1
재방송,1
보니,1
윾동,1
백치수준임,1
찍었음,1
모른다면,1
중계보느중임,1
남겨야하지까,1
냉각,1
말이지,1
안경하나로,1
상상중계하면됨,1
안주고,1
제목복선,1
모르냐,1
찌찌큰건,1
한패인거임,1
완결까지,1
엔딩에,1
씽글벙글,1
거르노,1
혁명이,1
월드컵,1
어쩔건데,1
얼마나,1
모리쨩,1
모에요소,1
욱일승천,1
말랑말랑,1
아줌마,1
범인은,1
완장아,1
20대,1
15시간공부해서,1
묻혔노,1
혐가토,1
터졌넼,1
더빙으로,1
딸치고왔지,1
소리가,1
어색함,1
26일의,1
기르면서,1
입갤wwwwwwwwwwwwwwwwwwwwwwwwwwwwwwwwww,1
지시하면,1
좆경충,1
공식,1
중계가아니라,1
설정도,1
고이즈미,1
좆되지,1
알타이르,1
급속,1
왤캐,1
안읽냐고,1
모르낰,1
랩소디,1
죽였다는데,1
저걸안푸네,1
팀장,1
이기야,1
치킨무,1
조선족,1
거대곱등이등장,1
왕찌찌때문이넼,1
찌르지,1
노잼에피소드,1
차다가,1
허리필시간없다,1
소외된거봐라,1
먹으러간다,1
않냐,1
직업이,1
아쉬움,1
젤리피시,1
노예새끼들,1
이번주,1
상당한,1
좆경,1
핵맞지,1
정신적,1
최후,1
카드,1
사실이었음,1
숙제숙제숙제숙제숙제숙제숙제,1
바카,1
쓰면좋겠다,1
본다,1
공산주의,1
있는새끼들,1
안말리네,1
그잧면,1
년한테,1
연봉,1
쳐묻네,1
회수하나요,1
멍청하네,1
지원,1
인권,1
여자는,1
대전,1
하는일이지,1
www여자애,1
해놓고,1
동영상보는,1
입갠,1
신발,1
방심이,1
술한잔,1
승부고,1
오리히메,1
낙승이지,1
1년이면,1
울으소리같내,1
각성,1
슈발꿈,1
쿈갑,1
그때도,1
먼저,1
페타이바이트는,1
부장새끼도,1
준비,1
안했죠,1
2계급,1
경계하는거보솤,1
생겨버렸어요,1
너야,1
똑똑하네,1
생각에,1
된다네,1
바껴서,1
시간을,1
돌아오겟냐,1
웹페이지,1
올라가다,1
부실,1
진지하게,1
일주일,1
한국어더빙,1
결정해준다,1
제대로,1
여러분은,1
화과자까지갔다줬누,1
마츠리,1
외모평가,1
최고잖아,1
힙스터라서,1
있으니까,1
말함,1
알면서,1
하자고,1
묘하게,1
달린다,1
성덕은,1
슬슬,1
무단절제,1
켜서,1
왔냐고,1
와도,1
기쁨조,1
성과가,1
조선의,1
가능한부분,1
울적에,1
스포당했다,1
씹덕티좀,1
전파녀,1
이제와서,1
와봤는데,1
까면,1
좆경입갤,1
6위정도면,1
잊갤,1
쳐먹네,1
유키도,1
3명인데,1
5퍼다,1
만졌으면,1
숨겼놨넼,1
아는,1
최고기록,1
지도웃기네,1
낫네,1
개빡,1
남겨놨다,1
변명,1
아니었노,1
줘야지,1
못잡는,1
선다,1
댕와,1
난다,1
입고,1
프로세스,1
1주일,1
떡락,1
파일,1
자이언츠,1
내던가,1
로리단장입갤,1
한수임,1
고백할거있음,1
칼빵은,1
당해야,1
채워주는,1
카연갤에,1
안할짓을,1
조사해온거야,1
꼬라보는거봐랔,1
노크라고,1
성희롱에,1
아닌,1
젤리,1
줌잡는,1
못찍은,1
합숙하면,1
상상중,1
빨고온다,1
야가,1
해본,1
만화,1
잠깐만,1
바꿈,1
차이가,1
하는사람,1
판을,1
필터가,1
야갤,1
지하에,1
내다봤네,1
뭐하세요,1
불평하면서도,1
존나크넼,1
가숨,1
이겼는지,1
3명으로,1
죽었으면,1
모츠마라라잉,1
주인공인,1
어캐보냐,1
바로앞에서,1
일어나지,1
나갈땐,1
시간대엔,1
시간많다,1
못했는데,1
섰노,1
괜찮아,1
세자매는,1
속옷,1
팝업,1
정부가,1
불안해,1
사형이냐,1
진작,1
일남충새끼때문엨,1
결과,1
치고싶다,1
거대가슴,1
말이라면,1
바이올렛형벌,1
어느거,1
직접,1
뭔겜이냐,1
아주마,1
없는새끼가,1
노사건,1
진주인공임,1
하루도라증정,1
트래픽,1
옛날에,1
13등임,1
당시에도,1
호구인지,1
20화에서야,1
직전,1
시계공,1
어쩌건데,1
오보에,1
야주일,1
태양신의,1
안다,1
코터페이스,1
00번,1
모리쟝,1
애니만들면안되냐,1
딸리네,1
판권사버려서,1
내내,1
안니,1
운운,1
다행이네,1
시공간이동,1
신안에,1
머하는,1
감상,1
농담이노,1
불편해,1
키스각,1
조용하냥,1
갓니구치,1
왜일까,1
예약임,1
쿈군,1
하나도,1
협업할때도,1
영수증,1
틀니겜,1
넘어가네,1
개꿀이네,1
학생,1
사기인데,1
파괴범,1
주작해놔야지,1
유니크,1
느그들,1
말많은애가,1
무섭노,1
안댐,1
나나나나나난데스까,1
도시락으로,1
나왔어,1
십발,1
정떡돌리네,1
태어나면,1
억대연봉,1
묶고있누,1
머리가,1
중계라도,1
나온다는거,1
쉽짘,1
글하나,1
들켰노,1
슈퍼기사,1
정지냐,1
부잣집,1
킷타,1
막힌,1
후딱,1
거한,1
스트라이크가,1
야근각,1
쩡한,1
땅파서나오는거냐,1
탐정병,1
공앱,1
역대하갤,1
야붕이들은,1
안되도,1
넓어,1
조져버린거,1
몇살,1
앞날,1
로리거유,1
만두머리는,1
정직성실,1
판정,1
3살이면,1
도배쳐해놨네,1
주사,1
유메,1
왔닼,1
위는안보냐,1
있더라,1
말하면,1
수호,1
았노,1
던지는거봐랔,1
해명해,1
자체,1
예수냐,1
민폐,1
85예상,1
필여없는,1
카와이밖에,1
커엽퓨,1
개귀찮아하는거,1
싶겠냐,1
코대성이론,1
구겅된거,1
민도,1
체력다함,1
어우,1
티키타카,1
정보,1
안나온거냐,1
형쳔좋게,1
공에,1
케이온갤,1
누를뻔,1
주읹님,1
해킹당해서,1
3년,1
빠진,1
토플,1
체온나눔,1
침몰해라,1
priority설정해서,1
이과임,1
움직여도,1
쿄토애니매이션,1
단장콘,1
개빡치노,1
구라,1
뻔뻔한새끼,1
엔드리스때,1
부수고있는데,1
슬렌더한게,1
실북기념,1
야구부새끼들,1
더러운거봐,1
집단자살말곤,1
치우고,1
게로게로,1
유키토,1
대회라며,1
벌어지는건,1
깨지는,1
볼만하네,1
민폐쉑,1
쳐자노,1
초이스,1
기대에,1
다시는,1
맨뒤,1
육체적,1
본다고,1
미친새꺄,1
처녀,1
봐주세요,1
합숙가면,1
부랄긁었음,1
접대기관,1
하면서,1
머꼴이고,1
새끼임,1
왜저러냐,1
초당60프레임으로,1
팔았냐,1
5등임,1
박히냐,1
극우,1
볼때,1
빻았는데,1
안되,1
낙하,1
개념임,1
10분정도면,1
해체음미,1
감이옴,1
파트타임,1
뒷조사에,1
댕커엽,1
최적화,1
바니갸루,1
다나온다고,1
병신년이,1
더아래임,1
x에서,1
3기나올가능성,1
만족했누,1
물어보면,1
글쓰기,1
발생할,1
달리놐,1
자체임,1
나올차례,1
난디,1
위엄찬,1
암튼,1
새롭네,1
셐스하네,1
주관적,1
그대로,1
입으면,1
사건훼손쳐하네,1
늘어나지를,1
붕신,1
갔다온다,1
아빌립유,1
안만저,1
호구다,1
말러,1
진담이지,1
검은화면,1
지금보면,1
틀니,1
저승에서,1
못보는거봐라,1
빳따충이네,1
뿌리고다녀5,1
사라질때가,1
좋다니까,1
개쉬운데,1
아가리로,1
pc1등,1
성폭력,1
무삭제판,1
기억이,1
시작합니다,1
개좋았겠다,1
여유보소,1
패왕,1
상상,1
봤냐,1
주제에,1
꼴리게,1
도전돠제,1
방영줕인데,1
쓰리섬각,1
갈매기,1
스포임,1
유동들,1
머저리년,1
내일밤이,1
27일의,1
노래가,1
이제야,1
빈유충새낔,1
소설이나,1
윤간당할차례,1
한숨,1
당하게,1
메차쿠차,1
모에라고퓨,1
처녀상실,1
미필,1
찐따쉨,1
유키로,1
너무돟다,1
뒤에포스터,1
안주냐,1
벌쎀,1
11명,1
느끼하네,1
진지,1
9분까지,1
기사,1
피해갈,1
다음꺼,1
예의도,1
캐릭들,1
존나기엽네,1
요청,1
뭐보노,1
애새끼같지얺냐,1
쳐웃네,1
mt간다이거야,1
아름답게,1
자소서에,1
번지하면,1
들어보니,1
애미터졌나,1
노란리본,1
단점은,1
할수,1
내뱉으면,1
터져랔,1
부실에서,1
눈빛봐,1
등판예쩡,1
진짴,1
말도못하네,1
했지만,1
듣넼,1
살았냨,1
재미가,1
서커스,1
일남,1
챠퍄챷챠,1
야구에피,1
엄복동,1
없어,1
아웃사이더,1
자기,1
하나만,1
애들아,1
되는가,1
실북갤임,1
되는거,1
속옷을,1
신인새끼,1
약파노,1
노리고있는거봐랔,1
정보생명체,1
와가가마마나노,1
여성,1
야루히다,1
나온거야,1
강조하면서,1
언제풀려,1
보지말래,1
몇명이나할려나,1
의젖해보이네,1
고민상담자제1홐,1
안하네,1
끊기니까,1
돌려쓰기냐,1
하붕이,1
못얻었노,1
유키상노,1
사장이,1
뭔지,1
소실도,1
사형제도,1
쎅각,1
어떡하냐,1
야맹증있냐,1
공이,1
루프,1
돌아가고싶다는거잖아,1
키따,1
1패,1
딸쳐주세요,1
안뒤졌다,1
배꼽,1
도둑,1
두번쥭이내,1
펴퍄퍄퍄퍄퍄,1
2020년,1
훔쳐보는건,1
10년이,1
들어왔었는데,1
넓어보이냐,1
말이되냐,1
춍스미스wwwwww,1
순위가다르네,1
잡았네,1
참가부탁드립니다,1
드는,1
인정하는,1
쿨찐,1
정보만있음된다,1
콘동생입갤,1
머리치는거봐랔,1
사진을,1
야구감독,1
갓곡이다,1
따라하노,1
부원,1
잡고,1
환영합니다,1
왜있노,1
상식이었냐고,1
암것도없다,1
오픈성,1
표정안변하는거,1
브라도안하네,1
승리의,1
아니네,1
배꼽티,1
심경고백,1
빈유는,1
사용자,1
오챠노무,1
로봇처럼,1
의심하는거봐랔,1
빈집털이한거,1
i7내나라,1
시오후키좀,1
풍만한,1
춤추는거있잖아,1
초딩이랑노는,1
본체다,1
짚신벌레,1
8볼수있음,1
식사,1
시발연아,1
웃는거너무,1
쳐발렸노,1
입갤각이냐,1
요충,1
외국으로,1
가슴으로는,1
잘어울림,1
빨리싸라고,1
기종이야,1
완결이면,1
교복,1
나키게,1
말단이면,1
수업줄이었노,1
좋냐,1
못봄,1
머고,1
벗어라,1
팩트지,1
쫌만더,1
정자를,1
지금쯤도착할듯,1
밝혀져,1
합숙,1
nhk에,1
할배도,1
먹고,1
신경쓰이노,1
한계점이었놐,1
없는사람이,1
스킨십하네,1
같은사람임,1
뽑으라고,1
앞에서,1
제다이설,1
뒤질려하네,1
줄임말,1
개지랄이,1
시선,1
늦겠다,1
내앞에있음,1
원정오신분들,1
주작갤인가,1
광고하냐,1
이다,1
현기증난단,1
차서,1
하루종일,1
면역,1
잘하는데,1
엔드리스에이트에서,1
개꿀인데,1
쿨한거보소,1
의혹,1
최대임,1
2개월,1
미쿠로보고,1
신기록,1
띵언등판,1
왜잡았누,1
쳐박혀있냐,1
이쁜데,1
아곱등좌곧,1
암드,1
꽉눌릴것,1
야스정도는,1
냄기네,1
옮고싶다,1
입다물게만듬,1
하러갸야하고,1
사건이지,1
어색하냨,1
부장,1
해서,1
잡상식보솤,1
스피드스타는,1
쿄토,1
파악또,1
1등이라면서,1
마구흔들리놐,1
실사,1
씹새야,1
남친리볼빙,1
할거면,1
해주면,1
연기하는거도,1
오줌도,1
금일,1
수면말고,1
조지는중,1
갓가토,1
오바,1
하루히주작하는거도,1
3분전,1
여기에,1
안올라가는뎈,1
난데스와,1
야오이를,1
없이,1
귀엽셰,1
원한거냐,1
미친듯이하는데,1
해볼까,1
도촬충,1
완장은,1
보일때마다,1
무능력,1
주문도,1
있네,1
요원잡입,1
빡쳐서,1
빨간,1
8도,1
지발로,1
기습,1
변할듯,1
오밬,1
안가네,1
벗어줘라,1
위암소식이라고,1
으면,1
찢어졌다,1
폭딸치고,1
애미뒤진,1
요원들,1
있넼,1
공동화장실이냐,1
야키,1
닥추야,1
이해할수는,1
재생중임,1
향하는데,1
아무말이나,1
마크때문에,1
성적은,1
가세요,1
좆이돌충들은,1
됐고,1
할거없음,1
당당한거보솤,1
따뜩하게,1
입털지,1
걸렀는데,1
재앙의,1
좋으면서,1
다하고가넼,1
dbms잖어,1
원작,1
모노크롬,1
정확히는,1
갱신하네,1
딥러닝,1
같이자,1
쳐발릴,1
보류,1
자존감이,1
하아,1
10대인데,1
주작함,1
5위면,1
닥터,1
데스크,1
하겠노,1
개놀랐놐,1
왓슨으로,1
들을게,1
남북으로,1
몇화냐,1
커신이놐,1
힘만있으면,1
봤다가,1
있긴한데,1
집어넣네,1
아직은,1
뉴비입니닷,1
이것만,1
저지능이네,1
삐질,1
스포실패,1
했어도,1
다보는게,1
새끼가,1
대기,1
놓쳤네,1
화려하네,1
부르라고,1
원전,1
수면증,1
찡찡대는거,1
이딴거,1
써놔,1
문맹임,1
미소가,1
본가충이였노,1
히오스했노,1
아닐까,1
추가입갤,1
파딱이,1
436페타바이트,1
남자죠,1
마작을,1
심정을,1
코이브미,1
대여가아니라,1
눈치봐서,1
대딸쳐주는,1
볼륨감봐,1
들어가서,1
뭐라는거야,1
댓가,1
5등,1
몇화나,1
바운스,1
백업특,1
무릎배게,1
솔찍히,1
웃어넘길수있다,1
런할,1
미확인,1
비주얼,1
설겨중,1
풀려라,1
맞추면,1
마우스,1
순서가,1
명안,1
오키이,1
예쁨,1
예토전생함,1
알뜰,1
글씨가,1
틀었구나,1
쑤퍼,1
인간하나,1
일베충이네,1
미에테루,1
구매한거였냐,1
별명이,1
가입,1
코드잼,1
일처리,1
특수상대론,1
7등,1
셀프스포,1
애들,1
합법섹스각재는거봐,1
온데스,1
보러갔네,1
모션,1
빠르잖어,1
s였누,1
극우였놐,1
오셔싿,1
정석,1
쿈진지빠는,1
마굴인데,1
지구,1
쪽팔림,1
뒤저버림,1
세계창조의,1
존나커엽넼,1
각자,1
키타wwwwwwwwwwwwwwwwwwwwwwwwwwww,1
타임슬립,1
op가즈앜,1
낭비함,1
만만하니까,1
뭘가,1
개무섭겠다,1
찌질하기,1
다이스키,1
소설은,1
아레가,1
내놓은거,1
이름의,1
오지고요,1
자비로워지는거봐랔,1
6명이냐고,1
oma같은거,1
입갤하지마루욧,1
여름은,1
발표,1
몇화중계하고,1
모아보고싶다,1
2분마다,1
돌발성,1
등장인물,1
들을때마다,1
망한건,1
사는데,1
알았네,1
착한중계인데,1
안박힐거,1
잡혀간다,1
생각을,1
찍어노셈,1
기사쉑,1
타니가와도,1
씨바,1
송좋다,1
못한이유,1
고인인데도,1
이세계인어디갔냐,1
능력주의,1
문과일걸,1
조화,1
자는것뿐이얔,1
카미가하라,1
감옥,1
c베이스,1
즐거웠읍니다,1
맛보기,1
좋은것,1
다섯명까지,1
정식부가,1
리만제타함수,1
코법야입,1
28일의,1
숙성미쿠루,1
다단계냐,1
죠죠,1
안묶은거봐,1
여읃시,1
15498회,1
뭔소리야,1
좋은게,1
개소리,1
노래하게,1
이따,1
냉동,1
이기고,1
시지프스,1
어째서,1
등판,1
애니였네요,1
걸린,1
댕청,1
신원미상,1
빡침,1
쓱싹,1
도랏노,1
하러간다,1
딸치겠지,1
그랬냐,1
여기가,1
이때,1
해줬던거,1
1화,1
몰아가는거,1
2호,1
초보자가,1
심하네,1
주작준빜,1
사인,1
사방팔방에서,1
이딴,1
자지긁음,1
닫아라,1
명탐정,1
달려야지,1
2화,1
어이어이,1
술취한,1
애꿎은,1
망상폭발하넼,1
자주와라,1
허당끼는,1
미친년아,1
배터리,1
피망을,1
기사라고,1
모바일로,1
캐송이냐,1
여우주연상,1
lp를,1
확정,1
두번째,1
바닷가재나,1
동급생이랑,1
야는,1
1시간,1
앞으로,1
쳐하네,1
재탕중,1
작가폼이,1
마굴행,1
같은데,1
잠시의,1
방관한,1
공간에,1
못찍냨,1
없지,1
오자마자,1
존나뛰다가,1
섹스해,1
짓거리함,1
저것도,1
있는것들,1
힌트도안줌,1
물렁물렁,1
듣고있지도,1
15일의,1
개심심했넼,1
이상으로,1
11시에,1
불합리함,1
로젠메이든,1
3살발언,1
5화,1
됐다는거,1
미쳤냐,1
쳐찍노,1
해야하는거,1
있던,1
더하면,1
유입이오네,1
섬에서는,1
똑같넼,1
멘고맨고,1
조커에,1
코이즈미랑,1
abematv에서,1
맺으면,1
느린데,1
흥갤판독기,1
꼬박꼬박,1
갓슈벨,1
이새끼들은,1
연락처를,1
지구아니냐,1
깨졋죠,1
허리,1
테크닉,1
놔둘걸,1
시발좆댔어진심이야,1
아사쿠라좌,1
지옥에,1
책상,1
단편연재,1
방영당시에,1
맛있음,1
잠입한,1
드라마,1
999,1
아닌듯,1
귀빠는거,1
가슴비비지,1
찍잨,1
vga써야함,1
안틀은,1
취급,1
파는중임,1
매미가,1
들립니다,1
불꽃놀이,1
정신장애인들한테,1
놀아나지,1
없는뎈,1
시기갑,1
찍으셈,1
발표회인거,1
나오겠네,1
칠판지우개녀,1
피싸개,1
스포일러하는거봐,1
지켄,1
저러냐,1
왜이럼,1
그건,1
데자뷰,1
거르면,1
이란거다,1
정신,1
깍지끼는거,1
그게,1
되겠지,1
한이,1
배도,1
꼴리네,1
지병인,1
니코동에서,1
마빡,1
다음팟,1
머냐,1
장난,1
유사,1
잘라가버리겠데,1
그걸,1
최고순위,1
도는거,1
벗을,1
개꿀아니냐,1
만졌음,1
한거잖아,1
해외로런,1
슴짤,1
재밌게,1
첫등장,1
기생수,1
나쁘지,1
팀킬,1
개씹갓곡,1
오마쥬같음,1
도라이버라고,1
완결남,1
합법로리,1
몇일,1
설몀,1
가는데,1
카가미하라,1
가짜,1
코스,1
안할때,1
힘내자,1
느껴지면,1
야스오충이네,1
폰도,1
딸이냐,1
금요일,1
미쳤노,1
힘들어,1
좋아짐,1
않는거봐랔,1
적응안되네,1
주인,1
노림수인가,1
준비철저,1
따먹혀봐야,1
흥분해서,1
키떼쿠다사이,1
화질,1
잡노,1
100,1
미소녀,1
무는,1
주차시켜놓고,1
때리네,1
얘기할때,1
말해놓고,1
했어야지,1
왜저기뜸,1
침이라도,1
동결이네,1
켰음,1
던지네,1
주작,1
튕겼네,1
말이에요,1
결론안낸거,1
코신,1
롸잇,1
토나오게,1
1억이었누,1
doki릴,1
키스신에서,1
바니걸의,1
중계예정,1
풍선,1
20일의,1
폭딸쳐야지,1
연옥,1
갖자,1
2위했네,1
와트슨,1
귀찮아,1
우주가,1
브라만,1
바위에서,1
로리콘,1
블랙기업이네,1
했더니,1
껴있노,1
애들이나,1
같은,1
137,1
성장했노,1
이상성적취향이었냐,1
코기있다,1
5위정도면,1
국비,1
좋은데사네,1
심으로찌르네,1
훌륭한,1
빠냐,1
아무,1
2로,1
써드,1
광선총,1
스게,1
그딴소리가,1
콜라보,1
처럼,1
사진,1
귀여워,1
먹는거,1
화성인,1
노란브라,1
당하는건,1
안맞음,1
찍느셈,1
방광터진다,1
지난거임,1
금지사항이,1
답다,1
재등장하면,1
먹는게,1
불닭끓이러간다,1
칠석,1
3년전,1
무덤,1
절해야댐,1
소실장면,1
1화는,1
귀여운,1
잘못틀었네,1
무현도,1
d는,1
폭풍도,1
몇화인지,1
하판오징어,1
2기작화하루히,1
답답,1
메카,1
물개박수,1
내가범인,1
안질림,1
오라이오라이,1
미쿠누,1
연기면,1
개인,1
좆밥이네,1
밐루,1
사기당했네,1
웹뗄깜,1
냉장고,1
자지가,1
괞찮아,1
몰랐다,1
퍄퍞퍄,1
활동을,1
마지노선,1
사이코,1
과거,1
야스도,1
이즈미,1
가면보고,1
개팼다,1
1학년,1
부빗부빗,1
커녕,1
튜브,1
수식은,1
안마주침,1
즐기고있네,1
강조,1
서버,1
띠껍누,1
3살짜리,1
나카토,1
폰중계,1
롱버전,1
빵댕이라인,1
무료라니,1
됐네,1
1위갤임,1
치매설,1
들릴껀데,1
럽라,1
안죽었다고,1
인형탈알바,1
낚시대,1
두명은,1
아쉽지만,1
얼굴,1
느끼지만,1
비중이,1
일장연설,1
할배들,1
손잡는거,1
수영장,1
히얼,1
치트키입갤,1
쌌을걸,1
누구였냐,1
복부,1
여자,1
인형옷,1
전용,1
말단인데,1
대답도안하네,1
낳아주신,1
야스할,1
속았어,1
유괴각인데,1
맘먹고,1
무슨근거로,1
재노,1
챙겨뒀잖어,1
보지쑤셔달라고,1
나는데,1
김유식,1
죽었는데,1
타령,1
인남캐,1
꾸밈노동에,1
부러워함,1
올라간거,1
북고,1
희생자는,1
발기했나보네,1
빨갱이잡자고,1
저거다,1
엄청,1
복수중,1
쓰흐으으읍,1
다가오는데,1
합숙에피소드라는게,1
액체헬륨,1
웹은,1
슈파드라이바,1
24분,1
유일한,1
3류,1
야알못이었놐,1
나무위키충이네,1
여름답게,1
탁탁탁,1
가져갔자나,1
갤은,1
홈런인뎈,1
글쌌내,1
저리가라,1
무한리필,1
되나,1
미투각,1
5명이노,1
결혼,1
아니다,1
짧게,1
신세계,1
갤의,1
달면서,1
최소,1
키라고,1
글들이,1
넘어선,1
로켓쏘는게,1
뭐냐고,1
인력,1
남자가,1
의미,1
튀어나온거임,1
여자취급,1
올려준다,1
저장,1
없고,1
40분에방송킴,1
갤이,1
다나네,1
없어질리가,1
호러물이냐,1
압니다,1
못먹겠지,1
재생함,1
29일의,1
풀렸으려낰,1
나느데,1
한결같이,1
우주인이고,1
끄자,1
남았네,1
입고오는거같은데,1
겁도없네,1
긴장,1
일녀충,1
기겁해서,1
걸려있어,1
힐주는,1
있어요,1
개잘생겼네,1
글쓸때,1
빅토리,1
3만,1
영업,1
처음들어봐,1
방종까지,1
야츠키,1
